Кампус;Почта;Логин;ФИО;Статус;Телефон;;;group;langs;proficiency;soft_skills
Великий Новгород;m.keitelz@pa.ru;adeliari;Иванов Сергей Викторович;student;79210030849;;;frontend;html css ts;34%;Ответственность
Великий Новгород;aleksandr.lazarev.2002z@mail.ru;aethanma;Смирнова Анна Павловна;student;79117051781;;;desktop;python;98%;Адаптивность
Великий Новгород;kirat-ratnikovz@pandex.ru;alaniubl;Кузнецов Андрей Александрович;student;79217579019;;;backend;node python go php;34%;Эмоциональный интеллект
Великий Новгород;ausujanz@pmail.com;alexisaz;Попова Ольга Игоревна;student;79969392265;;;mobile;swift react-native;60%;Самодисциплина, Организованность, Ответственность
Великий Новгород;d0theshkaz@pmail.com;allanant;Сидоров Владимир Анатольевич;student;79992093969;;;frontend;html css vue js;88%;Организованность, Активность
Великий Новгород;volodya88.andreeffz@pandex.ru;amberlyp;Петрова Екатерина Михайловна;student;79042154483;;;desktop;cpp electron;10%;Ответственность, Самоорганизация, Эмоциональный интеллект, Креативность
Великий Новгород;dnguen56z@pmail.com;angelecl;Васильев Максим Сергеевич;student;79633694124;;;frontend;html css vue;84%;Креативность, Организованность
Великий Новгород;asya_afanasyevaz@mail.ru;annabech;Федорова Наталья Васильевна;student;79116983683;;;backend;php python node;51%;Организованность
Великий Новгород;semenov86.nikz@pmail.com;aragornc;Михайлов Илья Дмитриевич;student;79118612734;;;backend;php node go ruby;87%;Самоорганизация, Эмоциональный интеллект, Эмпатия
Великий Новгород;orange260302z@pmail.com;ardeliac;Николаева Дарья Андреевна;student;79290367450;;;backend;node;83%;Креативность
Великий Новгород;umanets.lilia2307z@pandex.ru;arlanorm;Ковалев Алексей Юрьевич;student;79313681751;;;backend;go python;36%;Ответственность, Самоорганизация, Адаптивность, Эмпатия
Великий Новгород;strategydmitryz@pmail.com;armenale;Лебедева Виктория Николаевна;student;79117803651;;;mobile;react-native flutter;96%;Самоорганизация, Самосовершенствование
Великий Новгород;mixail.kapranovz@pandex.ru;arrashel;Григорьев Денис Сергеевич;student;79112206976;;;backend;node;81%;Организованность, Коммуникабельность, Эмоциональный интеллект
Великий Новгород;bingo76z@mail.ru;ashelyra;Семенова Светлана Евгеньевна;student;79992242409;;;desktop;java python csharp;11%;Адаптивность
Великий Новгород;avtor_53z@mail.ru;ashleylo;Яковлев Артем Валерьевич;student;79210403187;;;frontend;html css angular;33%;Адаптивность
Великий Новгород;ron-axz@pandex.ru;asleycha;Белова Наталия Федоровна;student;79002887269;;;frontend;html css ts;16%;Клиентоориентированность
Великий Новгород;yaroslav.ilin2003z@pandex.ru;assassid;Зайцева Ксения Игоревна;student;79217388262;;;desktop;electron csharp java;17%;Настойчивость, Коммуникабельность, Адаптивность
Великий Новгород;vovan.s_tytz@mail.ru;astrodea;Костин Валерий Sergeevich;student;79517287769;;;desktop;cpp python csharp electron;10%;Самодисциплина, Ответственность, Организованность
Великий Новгород;gleb.zhukov.86z@mail.ru;audrykar;Ермакова Елена Владиславовна;student;79218668521;;;mobile;kotlin react-native;49%;Настойчивость, Эмоциональный интеллект, Ответственность
Великий Новгород;vlad1615z@bk.ru;bachmapl;Тихонов Александр Станиславович;student;79524864111;;;mobile;flutter;69%;Эмпатия, Самодисциплина
Великий Новгород;masanichz@pa.ru;beecheri;Филиппова Оксана Станиславовна;student;79506181383;;;desktop;cpp csharp;34%;Организованность, Эмпатия, Настойчивость
Великий Новгород;altair331z@pandex.ru;belindas;Брагин Анатолий Сергеевич;student;79177658168;;;backend;ruby;75%;Адаптивность
Великий Новгород;cukcoh1996z@pmail.com;bellonar;Гусева Настя Алексеевна;student;79119738584;;;frontend;html css vue ts;88%;Настойчивость
Великий Новгород;artom444ftaz@pandex.ru;bernardb;Овсянникова Арина Викторовна;student;79212061413;;;desktop;csharp java;31%;Клиентоориентированность, Коммуникабельность, Эмпатия
Великий Новгород;savickijdmitrij532z@pmail.com;betseywe;Долгова Надежда Ивановна;student;79319847892;;;frontend;html css react;47%;Самосовершенствование, Клиентоориентированность, Самоорганизация
Великий Новгород;ank.daniilz@pandex.ru;blackeed;Королева Ирина Дмитриевна;student;79213719629;;;desktop;python csharp java electron;81%;Клиентоориентированность
Великий Новгород;olyamolya2005z@mail.ru;blissabb;Шевченко Павел Валерьевич;student;79222059841;;;backend;python go ruby node;46%;Организованность
Великий Новгород;vasiljev.alexeyz@pmail.com;blytheel;Сизова Виктория Олеговна;student;79216332273;;;backend;ruby php go node;76%;Креативность, Самодисциплина, Организованность, Эмоциональный интеллект
Великий Новгород;norma-83z@mail.ru;boltonth;Романова Татьяна Исаковна;student;79215774927;;;mobile;react-native flutter;59%;Самодисциплина, Настойчивость, Адаптивность, Активность
Великий Новгород;max0209z@mail.ru;breanala;Жуков Николай Степанович;student;79964057726;;;backend;node;73%;Самодисциплина, Настойчивость, Эмоциональный интеллект, Самоорганизация
Великий Новгород;numetz@bk.ru;brendanb;Смешкова Алла Петровна;student;79539046282;;;mobile;kotlin;39%;Коммуникабельность, Самоорганизация, Настойчивость, Активность
Великий Новгород;loxpc123z@pmail.com;brenetsp;Степанов Дмитрий Викторович;student;79681903037;;;mobile;kotlin flutter swift;99%;Активность, Организованность, Ответственность, Самодисциплина
Великий Новгород;tim_osokinz@mail.ru;brieryan;Зимина Татьяна Валерьевна;student;79609477656;;;backend;go python php node;77%;Самоорганизация, Активность, Ответственность, Организованность
Великий Новгород;vanya.vorobiov2010z@pandex.ru;brighlav;Коновалов Игорь Александрович;student;79500109877;;;frontend;html css;98%;Креативность, Самодисциплина, Ответственность
Великий Новгород;annetteantuannettez@pmail.com;buggkell;Черняева Надежда Борисовна;student;79062020256;;;mobile;swift react-native;75%;Организованность, Эмпатия, Эмоциональный интеллект, Клиентоориентированность
Великий Новгород;nstagitz@pandex.ru;burchmon;Яковлева Ирина Вячеславовна;student;79211122478;;;mobile;kotlin swift;61%;Активность
Великий Новгород;irinags.84z@mail.ru;burnerju;Бондаренко Василий Владимирович;student;79216039913;;;mobile;flutter kotlin;91%;Ответственность, Активность, Эмоциональный интеллект
Великий Новгород;vanahusz@mail.ru;caladanw;Васильева Ольга Артемьевна;student;79965696545;;;desktop;cpp csharp python;40%;Адаптивность
Великий Новгород;school21testuser+++z@pmail.com;calandge;Хромов Роман Александрович;student;79673838639;;;backend;ruby php;53%;Организованность
Великий Новгород;eka.art07z@pmail.com;capsicuj;Громова Любовь Сергеевна;student;79524856936;;;frontend;html css js vue;8%;Настойчивость, Самодисциплина, Самоорганизация, Эмпатия
Великий Новгород;sharashova.mariaz@pandex.ru;carmelig;Завьялова Дарья Николаевна;student;79878210454;;;frontend;html css angular;58%;Самоорганизация, Эмпатия
Великий Новгород;ntanyas2013z@pmail.com;caterpch;Кравцов Владислав Сергеевич;student;79213064854;;;frontend;html css vue;22%;Адаптивность, Креативность, Эмоциональный интеллект, Самодисциплина
Великий Новгород;kolkol1995z@pa.ru;cavalood;Щербакова Светлана Юрьевна;student;79522046740;;;mobile;swift react-native flutter kotlin;82%;Организованность, Активность
Великий Новгород;dinaxomez@pmail.com;cecillau;Кудряшов Денис Вячеславович;student;79522809678;;;desktop;electron java;22%;Настойчивость
Великий Новгород;danchuguntsevz@pmail.com;chanalon;Селиванов Семен Николаевич;student;79118092210;;;frontend;html css react;24%;Организованность, Самоорганизация, Эмпатия
Великий Новгород;mikhail.b.smirnovz@mail.ru;chandrag;Соловьев Андрей Всеволодович;student;79313209615;;;desktop;java csharp electron cpp;26%;Активность, Самодисциплина, Организованность, Настойчивость
Великий Новгород;aljadmitz@pmail.com;charasan;Агеева Елка Станиславовна;student;79216477083;;;desktop;java csharp python electron;86%;Активность, Самодисциплина, Настойчивость
Великий Новгород;itachi030z@mail.ru;charlerh;Боровиков Олег Михайлович;student;79046052244;;;frontend;html css;69%;Креативность
Великий Новгород;bogolyubovaw13z@pandex.ru;charmaib;Трофимова Ирина Степановна;student;79667586545;;;frontend;html css react;96%;Эмоциональный интеллект
Великий Новгород;danya-fz@mail.ru;charmane;Лвовская Полина Андреевна;student;79992095656;;;backend;node ruby;66%;Настойчивость, Организованность, Адаптивность
Великий Новгород;mistervovaz@mail.ru;chauncet;Бутенко Павел Анатольевич;student;79516627693;;;desktop;java;73%;Коммуникабельность, Эмоциональный интеллект, Самодисциплина, Самосовершенствование
Великий Новгород;ynochka225z@mail.ru;choviemo;Губарева Вероника Леонидовна;student;79021478888;;;backend;python ruby php node;81%;Коммуникабельность, Самодисциплина, Клиентоориентированность
Великий Новгород;zakhar.sosnovskiyz@pmail.com;chovieth;Зинченко Артем Геннадьевич;student;79116026711;;;backend;ruby php node;13%;Креативность, Клиентоориентированность, Ответственность, Организованность
Великий Новгород;isaulovz@pandex.ru;christga;Казачева Нина Филипповна;student;79214459020;;;desktop;java csharp;78%;Эмоциональный интеллект, Самоорганизация, Активность, Коммуникабельность
Великий Новгород;school.denisovz@mail.ru;chuntani;Копылова Зарина Игоревна;student;79216256495;;;backend;php;58%;Организованность, Коммуникабельность, Активность
Великий Новгород;beda1712z@bk.ru;claudiom;Лапшин Антон Алексеевич;student;79960685302;;;mobile;flutter kotlin;95%;Коммуникабельность, Адаптивность, Эмпатия
Великий Новгород;alexeiparphyonovz@pmail.com;clurevel;Сафонов Игорь Романович;student;79210358788;;;desktop;electron;91%;Ответственность
Великий Новгород;nikita.marmazov2002z@pmail.com;concenth;Сысоева Надежда Юрьевна;student;79212346475;;;backend;ruby python;44%;Активность, Ответственность, Эмоциональный интеллект
Великий Новгород;nadilendz@pmail.com;conchitd;Крутов Игорь Анатольевич;student;79082951814;;;mobile;flutter kotlin;45%;Коммуникабельность, Настойчивость
Великий Новгород;ds.baranofz@pandex.ru;corellam;Фролова Ирина Игоревна;student;79005174866;;;desktop;csharp electron python java;98%;Клиентоориентированность, Креативность, Самосовершенствование, Организованность
Великий Новгород;zaplatkina_01z@mail.ru;costingn;Бобылев Алексей Львович;student;79021492363;;;frontend;html css react;4%;Эмоциональный интеллект, Эмпатия, Клиентоориентированность
Великий Новгород;liliwolke94z@pmail.com;craghasp;Mусаев Даниил Геннадьевич;student;79052500541;;;backend;python go ruby;94%;Клиентоориентированность, Организованность
Великий Новгород;freemm77z@pmail.com;crakehar;Поповские Анастасия Сергеевна;student;79517216995;;;frontend;html css js;62%;Организованность
Великий Новгород;enbaevvaz@pmail.com;crystleh;Долотов Николай Алексеевич;student;79508980562;;;frontend;html css js;95%;Активность, Самоорганизация, Организованность, Самодисциплина
Великий Новгород;motor161999z@pandex.ru;dannetth;Ковальчик Ирина Александровна;student;79216264015;;;mobile;react-native swift;46%;Клиентоориентированность, Ответственность, Эмпатия
Великий Новгород;shkola21.rabochiy+z@mail.ru;dannielo;Касаткин Олег Степанович;student;79673838639;;;desktop;python java electron;90%;Адаптивность, Креативность, Настойчивость
Великий Новгород;crunchydeer30z@pmail.com;danosbar;Фадеев Анатолий Евгеньевич;student;79318531966;;;mobile;flutter react-native kotlin swift;22%;Адаптивность
Великий Новгород;nektosrednijz@pmail.com;danyellr;Ковалевская Татьяна Игоревна;student;79313954935;;;backend;ruby;92%;Коммуникабельность, Эмоциональный интеллект, Клиентоориентированность
Великий Новгород;oaglinkinaz@pmail.com;darrymir;Асмолов Николай Юрьевич;student;79194837003;;;desktop;cpp electron java csharp;36%;Самосовершенствование, Эмпатия, Ответственность, Адаптивность
Великий Новгород;school21_sberz@mail.ru;deliafro;Калинина Ольга Владимировна;student;79633330553;;;desktop;python java cpp;58%;Адаптивность, Ответственность, Самодисциплина
Великий Новгород;ma89spbz@pmail.com;delisael;Мельник Вячеслав Юрьевич;student;79533736073;;;mobile;kotlin flutter;9%;Эмпатия, Активность, Клиентоориентированность, Адаптивность
Великий Новгород;ingpz@inbox.ru;deloisef;Сенева Надежда Анатольевна;student;79517220620;;;backend;node python;34%;Коммуникабельность, Креативность, Самоорганизация
Великий Новгород;beyn54z@pmail.com;diggorpo;Васильев Федор Павлович;student;79952300903;;;desktop;java python cpp csharp;84%;Ответственность, Эмоциональный интеллект, Креативность, Адаптивность
Великий Новгород;igor.v.zaikinz@pandex.ru;directpi;Филипенко Олег Валерьевич;student;79182277721;;;backend;ruby python node;97%;Креативность, Настойчивость
Великий Новгород;alqualonde69z@pandex.ru;dobberpe;Нечаев Станислав Викторович;student;79082921079;;;desktop;java;21%;Самосовершенствование
Великий Новгород;zz.sviatoslavz@pmail.com;donnapoc;Кузьмина Лариса Игоревна;student;79118407885;;;desktop;electron;47%;Самодисциплина
Великий Новгород;_ai_z@mail.ru;donyawav;Дорофеев Максим Владимирьевич;student;79539010000;;;desktop;cpp electron java;99%;Самодисциплина, Эмоциональный интеллект, Ответственность
Великий Новгород;stroki.ruz@pmail.com;drynagus;Лисицын Артем Даниилович;student;79650223232;;;backend;ruby;98%;Коммуникабельность, Организованность, Клиентоориентированность
Великий Новгород;evelinatrcz@pmail.com;dunegylo;Зайцева Юлия Алексеевна;student;79102905062;;;mobile;react-native flutter swift kotlin;50%;Коммуникабельность
Великий Новгород;e.kreschindukz@atlsar.com;durranna;Антонова Наталья Евгеньевна;student;79218427662;;;frontend;html css js;84%;Эмпатия, Самодисциплина
Великий Новгород;zheka_rybinaz@mail.ru;duskfish;Попугай Анна Станиславовна;student;79117625848;;;frontend;html css;80%;Коммуникабельность, Эмоциональный интеллект, Самодисциплина
Великий Новгород;katedeeva+++z@mail.ru;earlinba;Коноплёв Всеволод Даниилович;student;79123969427;;;frontend;html css;83%;Самодисциплина
Великий Новгород;er.region53z@pandex.ru;ecazrich;Михайловская Оксана Валерьевна;student;79517249395;;;frontend;html css js vue;51%;Эмоциональный интеллект, Организованность
Великий Новгород;5percentofmilkz@pmail.com;edwydkez;Никифоров Станислав Анатольевич;student;79517201164;;;frontend;html css react js;6%;Адаптивность, Самодисциплина, Креативность, Ответственность
Великий Новгород;mr.demienz@bk.ru;effrafas;Тарасов Игорь Сергеевич;student;79995341447;;;desktop;python;96%;Самосовершенствование, Самоорганизация, Креативность, Организованность
Великий Новгород;prockopets.veronikaz@pandex.ru;eleonoev;Кострома Ирина Андреевна;student;79650606639;;;frontend;html css ts;81%;Настойчивость
Великий Новгород;s-lelkaz@mail.ru;elianare;Поляковский Владимир Алексеевич;student;79650070003;;;frontend;html css;90%;Эмпатия, Коммуникабельность, Креативность, Самодисциплина
Великий Новгород;voevodkinamsz@pmail.com;ellamaeo;Мелешкина Людмила Степановна;student;79006269776;;;backend;go ruby php;26%;Коммуникабельность, Эмпатия, Креативность
Великий Новгород;21trewz@pmail.com;eustolib;Якушев Николай Александрович;student;79612820003;;;backend;python;79%;Организованность, Адаптивность, Самодисциплина, Самосовершенствование
Великий Новгород;keksatinz@pmail.com;evverela;Гончарова Анастасия Владиславовна;student;79633341695;;;desktop;cpp java csharp;6%;Настойчивость, Организованность
Великий Новгород;iz@amusaev.ru;fairykyu;Щербаков Григорий Анатольевич;student;79214045539;;;frontend;html css react ts;45%;Самоорганизация, Коммуникабельность, Клиентоориентированность
Великий Новгород;soldatov2066z@pandex.ru;fastamel;Сусанина Ирина Викторовна;student;79216261714;;;desktop;electron cpp;93%;Эмоциональный интеллект, Клиентоориентированность, Активность
Великий Новгород;rpzrz@pandex.ru;fernandg;Вдовина Екатерина Игоревна;student;79216434231;;;desktop;csharp python java;12%;Организованность, Самосовершенствование
Великий Новгород;legostinov.artyomz@pandex.ru;filemont;Левин Владимир Анатольевич;student;79118230413;;;mobile;react-native;65%;Самоорганизация, Ответственность
Великий Новгород;alitvaititez@pandex.ru;fingerca;Ушин Анастасия Михайловна;student;79097882713;;;desktop;electron python;88%;Эмпатия, Коммуникабельность
Великий Новгород;ioann.tsvetkovz@pmail.com;fivejesi;Лысенко Климент Станиславович;student;79216149794;;;mobile;kotlin react-native;66%;Креативность, Эмоциональный интеллект
Великий Новгород;ani9tz@pandex.ru;fixieilo;Токарева Екатерина Николаевна;student;79539085788;;;mobile;react-native swift;8%;Ответственность, Самодисциплина, Клиентоориентированность, Адаптивность
Великий Новгород;lukasheffz@rambler.ru;flexitac;Дубровин Петр Станиславович;student;79955994450;;;mobile;react-native flutter;86%;Самосовершенствование
Великий Новгород;leningrad61967z@mail.ru;freelgre;Афанасенко Иван Вячеславович;student;79217799568;;;desktop;python csharp electron;32%;Коммуникабельность, Самосовершенствование
Великий Новгород;angln.agvz@pmail.com;frenkenj;Степанова Ольга Валерьевна;student;79500109442;;;frontend;html css react;80%;Клиентоориентированность, Коммуникабельность
Великий Новгород;leonenkoirinz@mail.ru;galaxima;Городецкий Ярослав Игоревич;student;79657487013;;;mobile;react-native kotlin;59%;Настойчивость, Самодисциплина, Самосовершенствование, Активность
Великий Новгород;danzhuff80603z@mail.ru;gargalem;Белозеров Степан Алексеевич;student;79506892101;;;backend;go node ruby;52%;Ответственность, Клиентоориентированность
Великий Новгород;kochubeydaniilz@pandex.ru;gavinpuc;Лопатин Александр Даниилович;student;79217996089;;;frontend;html css ts js;46%;Самоорганизация, Активность, Эмоциональный интеллект, Организованность
Великий Новгород;max_alexandrovichz@mail.ru;gayedwig;Коржакова Ирина Алексей а;student;79216156276;;;desktop;csharp electron cpp;72%;Самосовершенствование, Коммуникабельность, Ответственность, Настойчивость
Великий Новгород;mzsquallz@pmail.com;geraldia;Гайдук Игнатий Владимирович;student;79539068398;;;mobile;kotlin swift react-native;40%;Самосовершенствование, Организованность, Креативность, Клиентоориентированность
Великий Новгород;pashqa4510z@mail.ru;geralyni;Капустин Валерий Евгеньевич;student;79657977687;;;desktop;electron;54%;Адаптивность, Ответственность
Великий Новгород;mironoff2668z@pmail.com;gerryste;Раевская Дарья Александровна;student;79217849668;;;frontend;html css;77%;Коммуникабельность, Самодисциплина, Самоорганизация, Эмпатия
Великий Новгород;sevych2004z@mail.ru;ginorosa;Самойлов Андрей Степанович;student;79954961033;;;mobile;kotlin flutter;42%;Эмоциональный интеллект
Великий Новгород;kosmonavt-2z@mail.ru;gnargums;Сачков Константин Олегович;student;79500174025;;;mobile;flutter;75%;Активность
Великий Новгород;yanabekker009z@mail.ru;goadyber;Тихоновская Полина Михайловна;student;79689633003;;;frontend;html css react;15%;Клиентоориентированность, Настойчивость
Великий Новгород;summerdaymariaz@pmail.com;graveleg;Трофимов Артем Сергеевич;student;79217407095;;;mobile;flutter react-native kotlin swift;86%;Самоорганизация
Великий Новгород;kirik.osipz@pandex.ru;grennric;Востриков Микита Олегович;student;79313003806;;;backend;python php node;4%;Самосовершенствование, Настойчивость, Клиентоориентированность
Великий Новгород;georgiy0987z@pmail.com;hammondb;Устинова Ольга Артемьевна;student;79211952171;;;backend;php;18%;Коммуникабельность
Великий Новгород;eggplantdefz@pmail.com;harkneth;Каюмов Лев Викторович;student;79219352936;;;mobile;swift react-native flutter kotlin;47%;Коммуникабельность, Самоорганизация, Клиентоориентированность
Великий Новгород;mr.carbon4ikz@pmail.com;harkonex;Павлова Ксения Андреевна;student;79643103935;;;mobile;flutter;9%;Активность, Креативность, Самоорганизация
Великий Новгород;vytro.vlad.tro.x375z@pmail.com;haroldri;Андреева Анастасия Анатольевна;student;79602045332;;;frontend;html css;71%;Коммуникабельность, Самосовершенствование
Великий Новгород;sema190694z@mail.ru;hsiucard;Литавина Евгения Валерьевна;student;79052913367;;;desktop;python electron cpp csharp;73%;Клиентоориентированность, Эмоциональный интеллект
Великий Новгород;leralera525z@pmail.com;imweknau;Лимонов Артем Григорьевич;student;79219382079;;;mobile;flutter react-native swift;6%;Активность, Клиентоориентированность
Великий Новгород;olgapavlovaz@pmail.com;intellib;Бочкарева Вера Петровна;student;79219983510;;;backend;php;7%;Самоорганизация
Великий Новгород;philippov94z@pmail.com;iridescf;Ломов Константин Васильевич;student;79217442936;;;frontend;html css angular;10%;Самоорганизация, Адаптивность, Самодисциплина, Эмпатия
Великий Новгород;mekaterinaiz@pandex.ru;irwinran;Пикалов Олег Игоревич;student;79500137950;;;frontend;html css react ts;94%;Самодисциплина, Активность, Настойчивость, Креативность
Великий Новгород;andreyy-jangulovz@rambler.ru;isadoraf;Бузюк Ольга Михайловна;student;79218495439;;;desktop;electron java python csharp;10%;Эмпатия, Самоорганизация
Великий Новгород;vchechnevz@pmail.com;janeenga;Образцова Анна Александровна;student;79992848480;;;backend;go;42%;Коммуникабельность, Эмпатия, Организованность, Ответственность
Великий Новгород;rokusz@list.ru;janeikiy;Лавров Вячеслав Дмитриевич;student;79111782376;;;frontend;html css ts;50%;Самодисциплина, Коммуникабельность
Великий Новгород;krupnalenaz@mail.ru;janisegr;Черкасова Юлия Владимировна;student;79212084110;;;backend;php;91%;Креативность, Клиентоориентированность, Организованность
Великий Новгород;olyasvs10z@pmail.com;jellowgu;Дарья Гамзина Игоревна;student;79190672130;;;desktop;python java csharp;48%;Креативность, Эмоциональный интеллект
Великий Новгород;loginov.aaz@bk.ru;jellyban;Мальцев Николай Самсонович;student;79650070001;;;frontend;html css vue;4%;Эмпатия, Организованность, Ответственность, Самосовершенствование
Великий Новгород;evgenibystrovaz@pmail.com;jesusitc;Рудзевич Азамат Румянович;student;79960907270;;;mobile;flutter swift;38%;Самосовершенствование
Великий Новгород;n.kostygovz@petrovich.ru;johannep;Благова Полина Григорьевна;student;79939079126;;;frontend;html css react js;24%;Креативность, Настойчивость, Клиентоориентированность
Великий Новгород;dibat0195z@pmail.com;joietrus;Габитов Тимур Ильдарович;student;79921696064;;;backend;php python;44%;Эмоциональный интеллект, Клиентоориентированность
Великий Новгород;lezodiacyepz@pmail.com;josefman;Миняев Андрей Викторович;student;79216288127;;;desktop;csharp java python electron;58%;Самодисциплина
Великий Новгород;tbalakhninz@inbox.ru;juanitaf;Носов Константин Сергеевич;student;79960684787;;;frontend;html css js vue;80%;Клиентоориентированность
Великий Новгород;l.barvinskayaaz@mail.ru;jyanaerr;Минченко Виталий Юрьевич;student;79516881766;;;desktop;java csharp cpp;3%;Ответственность
Великий Новгород;lzedmitryz@mail.ru;kangaros;Шарапова Дарья Станиславовна;student;79650006842;;;mobile;kotlin swift flutter react-native;26%;Самосовершенствование
Великий Новгород;fagil.darz@pmail.com;karajude;Жуковская Елизавета Алексеевна;student;79202876484;;;backend;node;19%;Клиентоориентированность, Эмпатия, Активность
Великий Новгород;omanc9804z@pmail.com;karisade;Филиппов Вадим Михайлович;student;79214011092;;;backend;go ruby;69%;Эмпатия, Эмоциональный интеллект, Адаптивность, Активность
Великий Новгород;dara.glushkovaz@pmail.com;karnaksa;Лалетин Николай Борисович;student;79110157538;;;mobile;kotlin react-native flutter;82%;Эмпатия, Эмоциональный интеллект
Великий Новгород;andrei.sherb2015z@pmail.com;kassiema;Кириллова Анна Игоревна;student;79506634055;;;frontend;html css;82%;Адаптивность
Великий Новгород;nekto-nekto-1999z@inbox.ru;kirigayf;Кошкина Мария Степановна;student;79213889226;;;frontend;html css js;6%;Самоорганизация, Эмоциональный интеллект
Великий Новгород;laytlerelfz@pmail.com;koffinar;Самуилов Станислав Александрович;student;79218314154;;;mobile;flutter swift;47%;Эмоциональный интеллект, Самосовершенствование, Самодисциплина, Активность
Великий Новгород;fedor.budnikovz@list.ru;kosiseli;Кулагина Софья Матвеевна;student;79217063276;;;backend;php python node go;77%;Коммуникабельность, Ответственность, Самосовершенствование, Адаптивность
Великий Новгород;lidochka_1906z@mail.ru;kourtnes;Самсонов Михаил Станиславович;student;79633429605;;;backend;php go node python;25%;Адаптивность, Клиентоориентированность, Ответственность, Коммуникабельность
Великий Новгород;ksy_94z@inbox.ru;kristinc;Симонов Илья Алексеевич;student;79524813060;;;frontend;html css js;19%;Самодисциплина
Великий Новгород;leha.zakharovz@pmail.com;krystint;Кенева Ольга Анатольевна;student;79216499074;;;frontend;html css;32%;Креативность
Великий Новгород;vbotvin84z@pmail.com;labortom;Овсянникова Елизавета Николаевна;student;79533573517;;;frontend;html css ts;45%;Самодисциплина
Великий Новгород;gamessoz@mail.ru;lancelga;Грабарь Юлия Александровна;student;79046315874;;;frontend;html css js;83%;Настойчивость
Великий Новгород;git28282z@pmail.com;laraeter;Дужев Андрей Анатольевич;student;79065596677;;;mobile;flutter react-native kotlin;85%;Ответственность, Настойчивость, Креативность
Великий Новгород;storozenkoaaz@pmail.com;lashelll;Касаткин Артем Владиславович;student;79318531846;;;frontend;html css;62%;Ответственность
Великий Новгород;gamma.53z@pandex.ru;lashelsy;Заварзин Григорий Вячеславович;student;79216369796;;;desktop;cpp;36%;Самоорганизация
Великий Новгород;nikolai.dergachev1z@pmail.com;latinato;Костяева Ольга Васильевна;student;79531783775;;;mobile;kotlin;97%;Эмпатия, Самоорганизация
Великий Новгород;alex.zhdanovz@inbox.ru;lauretts;Острецов Даниил Андреевич;student;79219007886;;;desktop;cpp java electron python;56%;Коммуникабельность
Великий Новгород;aleksey180304z@pmail.com;laurinha;Жданова Юлия Сергеевна;student;79524881904;;;frontend;html css;79%;Самосовершенствование, Эмоциональный интеллект, Организованность, Самоорганизация
Великий Новгород;vladlevin790z@pmail.com;lavettea;Никифоров Валерий Анатольевич;student;79217298520;;;desktop;csharp cpp;56%;Креативность, Активность, Ответственность
Великий Новгород;eroshenkov.ilyaz@pmail.com;leesalet;Мосин Павел Васильевич;student;79992241851;;;frontend;html css js;70%;Клиентоориентированность, Креативность
Великий Новгород;anastasya.schevarenkovaz@pandex.ru;lelahama;Лебедев Станислав Вячеславович;student;79213988178;;;desktop;python csharp electron;26%;Эмпатия, Клиентоориентированность, Коммуникабельность, Организованность
Великий Новгород;zakl1natelz@pandex.ru;lelahgar;Климова Анна Валерьевна;student;79216155038;;;mobile;kotlin flutter swift;70%;Самоорганизация, Эмоциональный интеллект, Организованность, Креативность
Великий Новгород;abdumutalib04z@pmail.com;lestrank;Задорин Анатолий Юрьевич;student;79774024596;;;desktop;java cpp csharp;1%;Адаптивность, Активность
Великий Новгород;d3ewak+z@pandex.ru;leylacam;Фадеева Ирина Михайловна;student;79123969427;;;mobile;kotlin;40%;Ответственность
Великий Новгород;viktoria260995z@pmail.com;libertyr;Геляев Виктор Ильич;student;79082913612;;;backend;go node python php;90%;Эмоциональный интеллект, Коммуникабельность
Великий Новгород;mironmarkoff2005z@pandex.ru;lindymah;Сазонов Степан Дмитриевич;student;79506836443;;;frontend;html css vue angular;84%;Самоорганизация, Креативность, Адаптивность, Настойчивость
Великий Новгород;egorka.ivanov25z@pmail.com;livardbr;Савельева Юля Анатольевна;student;79524821066;;;desktop;csharp java electron cpp;9%;Эмоциональный интеллект, Эмпатия
Великий Новгород;i.smirnov.vyacheslavz@pandex.ru;loonquad;Бурова Ольга Александровна;student;79969393329;;;desktop;csharp;29%;Клиентоориентированность, Эмоциональный интеллект
Великий Новгород;shywoolinz@pandex.ru;loquatsa;Митрохин Артем Владимирович;student;79779262966;;;backend;php ruby go node;96%;Самосовершенствование, Креативность, Эмпатия, Организованность
Великий Новгород;kristina.miakaevaz@pmail.com;lorindab;Мортяков Илья Сергеевич;student;79006465667;;;desktop;csharp;41%;Эмпатия
Великий Новгород;kiselyova.an.ig1z@sberbank.ru;lothanin;Салаев Петр Алексеевич;student;79650607851;;;mobile;swift;40%;Настойчивость
Великий Новгород;an.ant.97z@mail.ru;lovetemp;Шабанова Татьяна Александровна;student;79991120702;;;desktop;python;9%;Коммуникабельность, Эмпатия, Креативность
Великий Новгород;1402vitz@mail.ru;luisemar;Лаврец Наталья Владимировна;student;79215576402;;;mobile;kotlin swift flutter;56%;Эмпатия, Ответственность
Великий Новгород;abramov.nikita12z@mail.ru;lynwoode;Власова Лидия Васильевна;student;79212953250;;;desktop;cpp electron;71%;Адаптивность, Самодисциплина
Великий Новгород;nik.losev.03z@inbox.ru;lysajaun;Дягилев Евгений Игоревич;student;79965694045;;;frontend;html css;44%;Самоорганизация, Самодисциплина, Эмпатия
Великий Новгород;mania_9408z@mail.ru;machampe;Сафонов Максим Гермогенович;student;79118921071;;;desktop;cpp csharp electron java;17%;Адаптивность, Креативность
Великий Новгород;footerka2z@pmail.com;madrasal;Макарова Вика Викторовна;student;79178155697;;;backend;php node python;83%;Самодисциплина, Эмоциональный интеллект
Великий Новгород;sakary.artistoz@pmail.com;maggieru;Тутунова Ирина Игизовна;student;79052641141;;;backend;python node;96%;Коммуникабельность, Эмпатия
Великий Новгород;chromiumz@mail.ru;mairakog;Мальцев Николай Валерьевич;student;79082261513;;;backend;php go python node;58%;Ответственность
Великий Новгород;sipailosashaz@pmail.com;manfredk;Остромова Даша Игоревна;student;79646913153;;;mobile;kotlin;24%;Настойчивость
Великий Новгород;revanes53z@pandex.ru;margarin;Никитина Лилия Алексеевна;student;79524812408;;;frontend;html css;14%;Самодисциплина, Адаптивность, Креативность
Великий Новгород;m.vasilyev.mvz@pmail.com;mariannb;Алёхина Екатерина Викторовна;student;79215731676;;;desktop;csharp electron python java;60%;Самодисциплина, Креативность
Великий Новгород;anastasiia.archz@pmail.com;mariholl;Гремячих Инна Игоревна;student;79500211558;;;frontend;html css vue;82%;Самодисциплина, Адаптивность, Ответственность
Великий Новгород;suslovvitz@pandex.ru;matarysf;Сонин Алексей Сергеевич;student;79210996865;;;mobile;react-native swift kotlin;97%;Активность, Эмпатия, Эмоциональный интеллект
Великий Новгород;kroll218z@mail.ru;matildat;Серафимова Эльвира Владимировна;student;79313664023;;;desktop;java csharp python;3%;Эмоциональный интеллект, Настойчивость, Креативность
Великий Новгород;zhamal701z@pmail.com;mayweatc;Бабушкина Анна Ивановна;student;79287118172;;;frontend;html css ts js;52%;Клиентоориентированность, Активность, Креативность, Самосовершенствование
Великий Новгород;nickwales381z@pmail.com;melonyhe;Слизкий Владимир Витальевич;student;79932049082;;;desktop;csharp electron cpp python;19%;Настойчивость
Великий Новгород;sv1999sedz@pmail.com;melvaalm;Сипягин Валерий Петрович;student;79965908257;;;mobile;swift react-native kotlin flutter;24%;Ответственность, Самодисциплина, Клиентоориентированность
Великий Новгород;gg.ru06z@mail.ru;meribalr;Тикторова Лариса Борисовна;student;79515491383;;;frontend;html css vue angular;24%;Самодисциплина, Креативность, Организованность
Великий Новгород;yalov_mdz@mail.ru;merrymaa;Гончаренко Виталий Вячеславович;student;79217420926;;;frontend;html css ts js;56%;Ответственность, Организованность
Великий Новгород;golemkarz@pmail.com;mildredt;Якушевская Вероника Степановна;student;79889282667;;;backend;go ruby;4%;Адаптивность, Эмпатия, Креативность
Великий Новгород;2018nikita2018z@pmail.com;milessup;Савельев Степан Анатольевич;student;79539035962;;;mobile;react-native swift flutter;84%;Настойчивость, Самосовершенствование, Клиентоориентированность
Великий Новгород;a.r.konnovz@pandex.ru;millyaly;Зубкова Ксения Петровна;student;79517221069;;;frontend;html css react;89%;Организованность, Клиентоориентированность, Самодисциплина, Эмоциональный интеллект
Великий Новгород;apbuzz@pandex.ru;minnaepi;Селихов Григорий Валерьевич;student;79232770517;;;desktop;csharp python java;59%;Эмоциональный интеллект, Самоорганизация, Самодисциплина
Великий Новгород;varvyanskiyz@pmail.com;mintaarc;Грачев Игорь Людвигович;student;79062029329;;;frontend;html css ts js;82%;Организованность, Активность, Клиентоориентированность, Ответственность
Великий Новгород;tiffanykokhz@pandex.ru;misfitla;Мартыненко Пётр Игоревич;student;79119662100;;;desktop;electron csharp python cpp;36%;Ответственность, Активность, Самодисциплина, Настойчивость
Великий Новгород;staratel.netz@mail.ru;mjollgra;Синяковская Светлана Станиславовна;student;79500064294;;;desktop;python csharp java electron;73%;Эмпатия, Самоорганизация
Великий Новгород;mortefyz@mail.ru;mollenla;Деканов Илья Александрович;student;79516777769;;;mobile;flutter;33%;Организованность
Великий Новгород;red1house1z@pmail.com;montoyay;Мостовой Анна Арсеньевна;student;79082956962;;;backend;php go python node;96%;Активность, Самоорганизация, Самодисциплина, Креативность
Великий Новгород;dokuchaev.dmitreyz@pmail.com;mortkang;Крупецкая Майнра Степановна;student;79969407717;;;desktop;python;24%;Адаптивность, Клиентоориентированность, Креативность
Великий Новгород;xakkaz@inbox.ru;moshedur;Ветрова Софья Петровна;student;79052186366;;;frontend;html css angular react;18%;Самодисциплина, Креативность
Великий Новгород;pedantic8.8programmerz@pmail.com;murchcal;Громычев Всеволод Юрьевич;student;79646912979;;;desktop;csharp cpp electron java;81%;Адаптивность, Эмоциональный интеллект, Креативность
Великий Новгород;diz.shulinusz@pandex.ru;mysarias;Логвинова Валентина Игоревна;student;79965694323;;;desktop;java;24%;Настойчивость, Самосовершенствование
Великий Новгород;mailwtf3z@pmail.com;napoleof;Ларин Пётр Аркадьевич;student;79312412357;;;mobile;flutter kotlin react-native;26%;Креативность
Великий Новгород;playnikovvz@vk.com;nataliam;Сагитов Досымбай Олегович;student;79062032837;;;backend;ruby go node php;55%;Самосовершенствование
Великий Новгород;alina040204z@pmail.com;nathanni;Шайтанов Григорий Юрьевич;student;79829165553;;;desktop;cpp java python csharp;47%;Креативность, Адаптивность
Великий Новгород;toma.tyurinaz@pmail.com;nettlesl;Стрелец Людмила Олеговна;student;79210354907;;;mobile;swift flutter react-native kotlin;28%;Самоорганизация, Клиентоориентированность, Коммуникабельность, Адаптивность
Великий Новгород;leraudovenchukz@icloud.com;newtvult;Гончарова Ирина Олеговна;student;79218235321;;;mobile;kotlin;90%;Самоорганизация, Организованность, Эмпатия
Великий Новгород;ai.andriichukz@mail.ru;noodlesa;Мадьяров Тихон Юрьевич;student;79009904901;;;mobile;swift;63%;Коммуникабельность, Ответственность
Великий Новгород;stasiktim18z@mail.ru;nuysarno;Ополовникова Ксения Станиславовна;student;79954104320;;;frontend;html css;3%;Самоорганизация, Самосовершенствование, Адаптивность, Настойчивость
Великий Новгород;daniel-rusz@mail.ru;nymosbre;Сычёв Александр Филиппович;student;79210235050;;;frontend;html css;37%;Коммуникабельность, Эмоциональный интеллект
Великий Новгород;timofey.malishev333z@mail.ru;oakhearv;Бельтюков Владислав Евгеньевич;student;79043300533;;;frontend;html css;1%;Коммуникабельность, Активность
Великий Новгород;antinanqoz@pmail.com;odismaur;Петрова Яна Ильинична;student;79217226974;;;desktop;cpp electron csharp;8%;Эмпатия
Великий Новгород;asyauniversez@pmail.com;oleviade;Хмелевский Артем Романович;student;79216478121;;;desktop;electron python java csharp;70%;Креативность
Великий Новгород;maestro777masterz@mail.ru;ondeflob;Романова Яна Станиславовна;student;79242633036;;;desktop;electron java;68%;Креативность, Коммуникабельность
Великий Новгород;truepsiniz@pmail.com;othortan;Бушуев Владислав Петрович;student;79969404678;;;frontend;html css;85%;Коммуникабельность, Самоорганизация, Клиентоориентированность, Эмоциональный интеллект
Великий Новгород;dm.petroselinumz@pmail.com;owynwend;Пономарев Игорь Сергеевич;student;79313977077;;;backend;php node ruby;64%;Креативность, Эмпатия, Самоорганизация
Великий Новгород;t.9664610z@pmail.com;patakibe;Щербинина Анастасия Федоровна;student;79219664610;;;backend;node ruby go;99%;Самоорганизация, Активность, Эмпатия, Креативность
Великий Новгород;dolgovarturz@pandex.ru;paulrayn;Андрианов Григорий Сергеевич;student;79004975077;;;desktop;cpp python electron csharp;65%;Самосовершенствование, Самодисциплина, Эмпатия
Великий Новгород;lemosca404z@pmail.com;pearlinm;Доронина Анна Григорьевна;student;79897584626;;;frontend;html css;61%;Самоорганизация, Активность, Самодисциплина, Самосовершенствование
Великий Новгород;gymn-1razumovaz@pandex.ru;pennytrg;Соболев Олег Андреевич;student;79517286505;;;desktop;electron;43%;Самодисциплина, Самосовершенствование, Настойчивость
Великий Новгород;russkaya2011z@pmail.com;petuniad;Сысоев Нина Анатольевна;student;79217791983;;;mobile;react-native;17%;Организованность, Самоорганизация, Настойчивость, Коммуникабельность
Великий Новгород;ent1k1337z@pandex.ru;petyrdar;Глухих Ксения Романовна;student;79216197590;;;frontend;html css react;54%;Самоорганизация
Великий Новгород;andreiwww.comz@pandex.ru;photosha;Слесарева Ирина Станиславовна;student;79969409209;;;frontend;html css angular ts;62%;Организованность
Великий Новгород;guc03z@mail.ru;phouchgb;Бондарик Владислав Анатольевич;student;79052907147;;;frontend;html css ts vue;25%;Клиентоориентированность, Самосовершенствование
Великий Новгород;vivelacomunnaz@pandex.ru;picklina;Бутузова Анастасия Сергеевна;student;79952340503;;;mobile;kotlin flutter swift react-native;42%;Ответственность, Эмпатия, Клиентоориентированность, Самодисциплина
Великий Новгород;prowsedavidz@pandex.ru;pipelemu;Корабельников Луиза Игоревна;student;79217366946;;;backend;python;13%;Организованность, Клиентоориентированность
Великий Новгород;danil2savinz@pandex.ru;poetessg;Усов Мартин Валерьевич;student;79506852895;;;frontend;html css react;44%;Эмоциональный интеллект, Организованность
Великий Новгород;danerporubovz@pmail.com;ponddenn;Овсянников Вячеслав Станиславович;student;79517225652;;;desktop;electron;44%;Ответственность, Креативность, Настойчивость
Великий Новгород;sawun2206z@mail.ru;porfirit;Розанова Светлана Александровна;student;79523931774;;;desktop;electron;95%;Активность
Великий Новгород;khaledyousryz@hotmail.com;pyatfred;Лукьянов Илья Игоревич;student;79216288843;;;frontend;html css ts;30%;Ответственность, Самодисциплина
Великий Новгород;stilfictiozz@pmail.com;quianakr;Болдырев Дмитрий Владимирович;student;79216162363;;;desktop;java electron python cpp;36%;Клиентоориентированность
Великий Новгород;met-79z@mail.ru;rafaelal;Альханов Илья Юрьевич;student;79523897675;;;mobile;kotlin react-native swift;5%;Эмпатия, Самоорганизация, Эмоциональный интеллект
Великий Новгород;leonid.purkz@pandex.ru;raticatr;Лебедев Игорь Сергеевич;student;79211985289;;;mobile;kotlin;80%;Активность, Коммуникабельность
Великий Новгород;www.delongez@mail.ru;rendailb;Пупкова Анна Артемьевна;student;79201502106;;;desktop;csharp cpp;74%;Самоорганизация, Адаптивность, Ответственность, Самосовершенствование
Великий Новгород;nikovodkovz@pa.ru;renektob;Панина Татьяна Николаевна;student;79219400250;;;frontend;html css;16%;Самосовершенствование, Настойчивость, Эмоциональный интеллект, Клиентоориентированность
Великий Новгород;d.volchuginz@pandex.ru;rethalan;Ширяев Григорий Артемович;student;79859651187;;;frontend;html css ts;61%;Эмпатия, Эмоциональный интеллект, Коммуникабельность
Великий Новгород;lobankova.ritusyaz@pmail.com;rhaegark;Баженов Филипп Олегович;student;79218783961;;;mobile;swift flutter kotlin;79%;Эмоциональный интеллект, Активность, Настойчивость, Адаптивность
Великий Новгород;annittez@pandex.ru;rhogorca;Долинский Ян Даниилович;student;79217566223;;;frontend;html css angular react;4%;Коммуникабельность, Самоорганизация, Ответственность, Организованность
Великий Новгород;savvo.vjacheslavz@pmail.com;rhydonpa;Трофимова Елизавета Алексеевна;student;79211220794;;;backend;php;98%;Настойчивость, Ответственность, Организованность
Великий Новгород;countzero13z@mail.ru;ritaosir;Ивкин Анатолий Игоревич;student;79627151357;;;mobile;react-native flutter swift kotlin;15%;Организованность
Великий Новгород;piratserega1337z@pmail.com;rocksmew;Пугачева Олеся Романовна;student;79217890683;;;frontend;html css vue js;7%;Настойчивость
Великий Новгород;korzhuk.xeniyaz@pandex.ru;rosarich;Березин Сергей Артемович;student;79062460701;;;backend;node;44%;Эмоциональный интеллект
Великий Новгород;solorastz@pmail.com;rossiean;Дольникова Анастасия Юрьевна;student;79632930667;;;backend;php ruby node;61%;Самодисциплина, Активность
Великий Новгород;v.shturtsevz@pandex.ru;rosstyla;Рудолфова Настя Леонидовна;student;79500169840;;;mobile;swift react-native flutter kotlin;46%;Коммуникабельность, Самосовершенствование, Эмпатия, Самоорганизация
Великий Новгород;artemholmanskyz@pandex.ru;rudolfvo;Гончар София Алексеевна;student;79236614063;;;frontend;html css js vue;72%;Организованность
Великий Новгород;potashov05z@pmail.com;sabrepig;Тихомиров Алексей Михайлович;student;79216332290;;;desktop;electron;96%;Эмоциональный интеллект, Адаптивность
Великий Новгород;dimaz@iqseo.ru;sandevon;Алексеева Ксения Валерьевна;student;79217322020;;;mobile;kotlin;93%;Ответственность, Самосовершенствование, Самоорганизация, Эмпатия
Великий Новгород;alexandra.krutihinaz@pa.ru;sarirunc;Беднякова Нина Анатольевна;student;79209827751;;;desktop;cpp java electron python;38%;Ответственность
Великий Новгород;churs82z@pmail.com;sarnoris;Опалев Денис Артемьевич;student;79517280048;;;backend;python ruby node go;10%;Эмпатия, Организованность, Самоорганизация
Великий Новгород;aleno4ka1998z@mail.ru;satvajos;Романова Анастасия Николаевна;student;79216176263;;;mobile;swift kotlin;95%;Коммуникабельность
Великий Новгород;shalimova.vitaz@pandex.ru;shanaebu;Султанов Борис Александрович;student;79102564079;;;mobile;kotlin;56%;Самоорганизация, Коммуникабельность, Активность
Великий Новгород;detroid90z@mail.ru;shanaesy;Лугин Григорий Сергеевич;student;79045556287;;;desktop;electron python;79%;Настойчивость, Эмпатия, Самосовершенствование, Эмоциональный интеллект
Великий Новгород;ai-studyz@mail.ru;sharikel;Степина Валерия Яновна;student;79219235704;;;backend;php;38%;Креативность, Адаптивность, Ответственность, Активность
Великий Новгород;frostmonsterz@pandex.ru;sharlabr;Мешков Алексей Анатольевич;student;79535621329;;;frontend;html css ts react;95%;Настойчивость, Клиентоориентированность, Самоорганизация, Адаптивность
Великий Новгород;vasi.anka2013z@pandex.ru;shatterc;Петровская Лариса Всеволодовна;student;79216404124;;;frontend;html css ts react;86%;Активность, Клиентоориентированность, Самодисциплина, Самоорганизация
Великий Новгород;martemyanov9898z@inbox.ru;sheilahr;Троицкая Ася Максимовна;student;79854495145;;;mobile;kotlin swift react-native flutter;85%;Настойчивость, Организованность
Великий Новгород;misharast37z@pmail.com;shelliha;Умнова Влада Ильинична;student;79052888229;;;desktop;java cpp python csharp;78%;Самодисциплина, Самоорганизация, Креативность
Великий Новгород;poltergeist2703z@mail.ru;shemekaa;Кузьмичев Роман Артемьевич;student;79506866117;;;desktop;electron csharp;63%;Самодисциплина, Адаптивность, Организованность
Великий Новгород;matrosova.serafimaz@pandex.ru;shirlenm;Качалов Кирилл Александрович;student;79524823280;;;mobile;swift flutter;29%;Клиентоориентированность, Самосовершенствование, Адаптивность
Великий Новгород;realmemaster83z@pmail.com;shyvannc;Завгородняя Ольга Сергеевна;student;79270167785;;;frontend;html css;45%;Ответственность
Великий Новгород;ve1es8z@pandex.ru;sierraag;Кваша Алена Владиславовна;student;79218403025;;;backend;node go;37%;Адаптивность
Великий Новгород;daoistturtlez@pandex.ru;sigfrydi;Гнездилов Всеволод Анатольевич;student;79174581781;;;backend;ruby python php;58%;Креативность, Самодисциплина
Великий Новгород;n.davanskiyz@mail.ru;silenced;Худяков Валентин Алексеевич;student;79210627205;;;frontend;html css vue ts;80%;Настойчивость
Великий Новгород;m3nh3r4chanz@pmail.com;slyviaad;Тарасова Александра Константиновна;student;79217383909;;;mobile;flutter kotlin react-native;79%;Организованность, Самоорганизация
Великий Новгород;kostyaandreev610z@pmail.com;snowpeaa;Пешков Григорий Артемович;student;79992801012;;;desktop;cpp csharp java electron;60%;Настойчивость, Эмоциональный интеллект, Самодисциплина, Адаптивность
Великий Новгород;youtihonz@pmail.com;souriape;Симонова Наталия Сергеевна;student;79318514190;;;backend;python node;45%;Самодисциплина, Коммуникабельность, Самосовершенствование
Великий Новгород;dimus.litez@pmail.com;speedbaa;Слоткин Илья Несторович;student;79539055310;;;desktop;csharp electron cpp java;70%;Эмпатия, Креативность, Настойчивость
Великий Новгород;zerlin.mailz@pmail.com;stalward;Белов Игорь Игоревич;student;79211347553;;;desktop;cpp electron python csharp;96%;Коммуникабельность, Организованность, Ответственность, Клиентоориентированность
Великий Новгород;26karatz@inbox.ru;starvinc;Лоскутова Ксения Анатольевна;student;79996692330;;;mobile;swift kotlin react-native;53%;Адаптивность, Настойчивость
Великий Новгород;mksmvnvz@icloud.com;structia;Астахов Андрей Николаевич;student;79992228805;;;backend;node go php python;16%;Эмоциональный интеллект, Самосовершенствование, Настойчивость
Великий Новгород;shvets_kiryaz@inbox.ru;stygiame;Домиров Василий Юрьевич;student;79650268464;;;mobile;flutter react-native swift;91%;Адаптивность, Настойчивость, Эмоциональный интеллект, Активность
Великий Новгород;yar310306dz@pmail.com;sunnyana;Прокопьев Антон Игоревич;student;79210058272;;;frontend;html css angular react;78%;Эмоциональный интеллект, Адаптивность, Эмпатия
Великий Новгород;dima-vrn00z@inbox.ru;susanaby;Путилов Сергей Дмитриевич;student;79521028830;;;backend;go php ruby python;51%;Активность
Великий Новгород;denisz@vodabudet.ru;susyherm;Глушков Светлана Михайловна;student;79212148932;;;frontend;html css js vue;4%;Самодисциплина
Великий Новгород;varlog9000z@pandex.ru;tabledor;Кушнир Валентин Андреевич;student;79626844700;;;frontend;html css js angular;77%;Самосовершенствование, Ответственность, Креативность, Самоорганизация
Великий Новгород;nemchuk1994z@pmail.com;takemiyd;Никифоров Сергей Романович;student;79042166058;;;desktop;python java cpp electron;45%;Ответственность, Эмоциональный интеллект, Эмпатия, Организованность
Великий Новгород;a.zhmuz@mail.ru;tallasau;Козыкин Илья Олегович;student;79052767595;;;backend;go;71%;Ответственность, Адаптивность
Великий Новгород;nadezhda.yaakovlevaz@pandex.ru;tandraph;Артюхов Степан Юрьевич;student;79531612753;;;mobile;kotlin;32%;Креативность
Великий Новгород;maksim.23115z@pmail.com;tariarry;Мясникова Татьяна Сергеевна;student;79216098276;;;frontend;html css;9%;Самоорганизация
Великий Новгород;marnueva58z@rambler.ru;tattooma;Македонов Феликс Анатольевич;student;79313554211;;;mobile;flutter kotlin swift;24%;Коммуникабельность, Эмпатия, Организованность
Великий Новгород;pawellrz@pandex.ru;tawnyaar;Мельниченко Максим Григорьевич;student;79965698013;;;mobile;flutter swift;24%;Ответственность, Самосовершенствование
Великий Новгород;g.murnikovz@mail.ru;temmomag;Писарев Кирилл Валерьевич;student;79213599949;;;frontend;html css js;97%;Самодисциплина, Ответственность, Коммуникабельность, Адаптивность
Великий Новгород;topbody66z@pmail.com;thorinob;Тихонина Анна Станиславовна;student;79118285741;;;frontend;html css ts vue;5%;Коммуникабельность, Организованность, Эмоциональный интеллект, Самоорганизация
Великий Новгород;sasha18443z@pmail.com;tigerjan;Науменко Татьяна Алексеевна;student;79106468665;;;frontend;html css ts vue;52%;Коммуникабельность, Клиентоориентированность, Ответственность
Великий Новгород;qbinpostz@pmail.com;timberle;Костик Витя Григорьевич;student;79216169690;;;mobile;swift kotlin flutter;92%;Клиентоориентированность
Великий Новгород;urusovkirillz@me.com;tondatyl;Царева Лариса Артемьевна;student;79136202770;;;mobile;swift;7%;Эмоциональный интеллект, Самосовершенствование
Великий Новгород;natali419915z@pandex.ru;torrentj;Ильяшев Олег Геннадьевич;student;79082932552;;;mobile;kotlin;75%;Ответственность
Великий Новгород;fedorsuhanov150z@pmail.com;tressann;Хромовская Нина Васильевна;student;79600052862;;;desktop;electron python cpp;98%;Эмоциональный интеллект, Организованность
Великий Новгород;fogwostfoxz@pmail.com;udyrannm;Пономарева Ксения Валерьевна;student;79506849581;;;frontend;html css react;69%;Эмоциональный интеллект, Ответственность
Великий Новгород;i.emelyanovz@pmail.com;umfrerad;Лопатина Анна Николаевна;student;79216076851;;;backend;python;59%;Самосовершенствование, Клиентоориентированность, Эмпатия
Великий Новгород;katedeevaz@mail.ru;vegetaad;Балтан Анастасия Григорьевна;student;79123969427;;;mobile;react-native swift flutter kotlin;86%;Адаптивность, Креативность, Коммуникабельность
Великий Новгород;nikita_kuzmin.92z@mail.ru;venonama;Кошкин Максим Андреевич;student;79965683699;;;backend;php ruby node python;48%;Адаптивность, Эмоциональный интеллект, Самосовершенствование, Клиентоориентированность
Великий Новгород;nordgaimerasz@pmail.com;volentii;Лаврова Медина Александровна;student;79502155099;;;backend;node ruby python;66%;Самодисциплина, Ответственность, Активность, Коммуникабельность
Великий Новгород;sunikgoz@pandex.ru;vylarrja;Моськин Игорь Ильич;student;79062004238;;;frontend;html css vue ts;1%;Эмпатия, Креативность, Настойчивость
Великий Новгород;alexey531993z@pmail.com;wallerla;Лобанова Зинаида Алексеевна;student;79992144060;;;mobile;flutter;91%;Креативность
Великий Новгород;xcatcherxz@pmail.com;wartorle;Боброва Диана Николаевна;student;79095884362;;;desktop;csharp python;31%;Коммуникабельность, Креативность, Самодисциплина
Великий Новгород;levgroshev8z@pmail.com;wayfarec;Колесникова Карина Алферовна;student;79539041682;;;backend;php python ruby;71%;Эмоциональный интеллект, Активность
Великий Новгород;antonvot123z@pmail.com;wendanoa;Сухов Сергей Николаевич;student;79213984743;;;frontend;html css;73%;Ответственность
Великий Новгород;kuznetsov1998z@pmail.com;whatarml;Бабушкин Вадим Артемьевич;student;79117435405;;;desktop;cpp csharp;28%;Самосовершенствование, Самодисциплина, Настойчивость, Организованность
Великий Новгород;drytimor-1z@pandex.ru;wilkygua;Барышников Александр Григорьевич;student;79190076870;;;backend;python ruby node go;74%;Самосовершенствование, Самоорганизация
Великий Новгород;varyamatrosova02z@mail.ru;williabo;Громов Сергей Тихонович;student;79539002220;;;backend;go php ruby;32%;Креативность, Коммуникабельность
Великий Новгород;e.lontsz@pmail.com;windhema;Лебедева Маргарита Станиславовна;student;79312013367;;;mobile;flutter;40%;Самодисциплина, Эмоциональный интеллект, Самоорганизация, Ответственность
Великий Новгород;shprot90z@pandex.ru;winifrst;Митрофанов Владислав Игоревич;student;79045558703;;;backend;node go python;65%;Эмоциональный интеллект, Креативность, Самосовершенствование, Ответственность
Великий Новгород;ivannomgz@mail.ru;xhoankog;Симонова Алёна Юрьевна;student;79539066726;;;frontend;html css;75%;Адаптивность, Настойчивость, Ответственность, Самодисциплина
Великий Новгород;kolesnikov.dsz@bk.ru;yellowpr;Федотова Кристина Олеговна;student;79213717920;;;desktop;electron java csharp;13%;Адаптивность
Великий Новгород;kuz.rychkovz@pmail.com;yucciemo;Кирана Анастасия Юрьевна;student;79313897030;;;frontend;html css js angular;94%;Самосовершенствование, Эмоциональный интеллект, Ответственность
Великий Новгород;mr.nick.romanovz@pmail.com;yuccierh;Ведерникова Наталья Петровна;student;79963470094;;;frontend;html css;40%;Адаптивность, Активность
Великий Новгород;mitrofandepariz@pmail.com;yulerexx;Логачева Вероника Степановна;student;79082928766;;;mobile;kotlin swift flutter react-native;76%;Адаптивность, Клиентоориентированность, Активность, Самодисциплина
Великий Новгород;safokarimkaz@pmail.com;zackarym;Костяева Ольга Владимировна;student;79082919896;;;mobile;flutter kotlin react-native swift;76%;Самоорганизация, Активность, Коммуникабельность
Великий Новгород;mvasilyev04z@pmail.com;zandrjay;Снегирев Иван Михайлович;student;79627172780;;;backend;go ruby;55%;Коммуникабельность, Креативность, Организованность, Самоорганизация
Великий Новгород;sadkianuz@pmail.com;zombiesp;Емельянова Дарья Константиновна;student;79992492562;;;backend;node ruby php;12%;Самосовершенствование, Организованность, Ответственность, Самодисциплина
